 ,Title,Ready,Count,Latest,Days Since,Style,Composer,Notes,,,,,
,A Child is Born,3,11,3/27/2026,191,Latin,Thad Jones,,,,,,
,A Foggy Day (in London town),4,13,5/15/2026,142,Swing,George Gerswin,,,,,,
,A Lotus on Irish Streams,3,8,8/7/2026,58,Ballad,John McLaughlin,,,,,,
,Afro Blue,5,18,3/6/2026,212,Latin,Mongo Santamaria,,,,,,
,Agua de Beber,3,9,9/11/2026,23,Latin,Jobim,,,,,,
,Alberta,4,15,5/1/2026,156,World,Bill Walker,,,,,,
,Alice in Wonderland,4,15,5/29/2026,128,Swing,Sammy Fein,,,,,,
,All Blues,5,16,7/3/2026,93,Swing,Miles Davis,"plan for bass solo, cymbals @ ending",,,,,
,All the Things You Are,5,17,6/12/2026,114,Swing,Hammerstein and Kern,,,,,,
,Also Sprach Zarathustra,4,12,5/22/2026,135,Funk,Eumir Deodato,,,,,,
,Amphibious,3,9,5/15/2026,142,Funk,Moacir Santos,,,,,,
,Angel Eyes,4,15,8/21/2026,44,Swing,Matt Dennis,,,,,,
,Au Privave,4,11,7/10/2026,86,Swing,Charlie Parker,,,,,,
,Autumn Leaves,5,17,8/28/2026,37,Swing,Joseph Kosma,,,,,,
,Avalon,3,11,9/18/2026,16,Swing,Al Jolson,accordion,,,,,
,Axel F,4,12,3/27/2026,191,Funk,Harold Faltermeyer,,,,,,
,Baby Elephant Walk,3,5,10/17/2025,352,Techno,Henry Mancini,,,,,,
,Bad Reputation,3,1,3/17/2023,1297,Pop,Joan Jett,,,,,,
,Beat 70,4,8,12/26/2025,282,Bossa,Pat Metheny and Lyle Mays,,,,,,
,Beautiful Love,4,14,4/10/2026,177,Swing,Wayne King,,,,,,
,Begin the Beguine,3,6,3/6/2026,212,Bossa,Cole Porter,,fix / lose gtr,,,,
,Bemsha Swing,,3,12/30/2022,1374,Swing,Thelonius Monk,,,,,,
,Black Orpheus (Manha de Carnaval),4,15,7/17/2026,79,Bossa,Luiz Bonfa,,,,,,
,Blades,3,11,5/22/2026,135,Downtempo,Bill Walker,,,,,,
,Blue in Green,4,15,7/3/2026,93,Swing,Miles Davis,, ,,,,
,Bluesette,4,14,4/24/2026,163,Swing,Toots Thielemans,melodica,,,,,
,Bonita,3,8,8/28/2026,37,Bossa,Antônio Carlos Jobim,,,,,,
,Bossa Antigua,4,9,6/12/2026,114,Bossa,Paul Desmond,,,,,,
,Brazil,3,11,7/24/2026,72,Bossa,Ary Barroso,melodica,,,,,
,Burbling,3,8,3/6/2026,212,World,Bill Walker,,,,,,
,Bye Bye Blackbird,4,12,4/24/2026,163,Swing,Ray Henderson,,,,,,
,"Camilla (the Old, Old story)",5,17,3/20/2026,198,Downtempo,Art of Noise,,,,,,
,Caminhos Cruzados,3,13,9/18/2026,16,Bossa,Jobim,,,,,,
,Cantaloupe Island,4,13,4/17/2026,170,Funk,Herbie Hancock,missing something,,,,,
,Canto de Osshana,2,9,5/29/2026,128,Samba,Baden Powell and Vinicius de Moraes,,,,,,
,Caravan,5,19,9/25/2026,9,Swing,Duke Ellington,,,,,,
,Cast your Fate to the Wind,4,9,7/17/2026,79,Pop,Vince Guaraldi,,,,,,
,Chameleon,5,18,8/28/2026,37,Funk,Herbie Hancock,,,,,,
,Chega De Saudade,5,7,11/7/2025,331,Bossa,Antônio Carlos Jobim,,,,,,
,Christmas is Coming,4,8,12/19/2025,289,Christmas,Vince Guaraldi,,,,,,
,Christmastime is Here,4,8,12/5/2025,303,Christmas,Vince Guaraldi,,,,,,
,Cissy Strut,4,14,6/5/2026,121,Funk,The Meters,try transpose bridge like scofield,,,,,
,Close your Eyes,4,11,8/21/2026,44,Latin,Berenice Petkere,,,,,,
,Cold Duck Time,4,16,5/8/2026,149,Funk,Eddie Harris,,,,,,
,Coming Home,3,14,8/14/2026,51,Pop,Erik Turkman,add horn sust comp,,,,,
,Corcovado,3,14,5/1/2026,156,Bossa,Jobim,FIX DRUMS not LOOPING!,,,,,
,CQ,,4,11/15/2024,688,Ambient,Bill Walker,,,,,,
,Days of Wine and Roses,4,12,9/11/2026,23,Swing,Henry Mancini,,,,,,
,De Volta Ao Samba,3,11,9/25/2026,9,Bossa,Chico Buarque,,,,,,
,Deacon Blues,,7,7/10/2026,86,Pop,Walter Becker and Donald Fagen,,,,,,
,Desafinado,3,9,9/11/2026,23,Bossa,Jobim,,,,,,
,Desde,3,15,6/26/2026,100,Bossa,Caetano Veloso and Gilberto Gil,,,,,,
,Dindi,4,14,9/4/2026,30,Techno,Antônio Carlos Jobim,,,,,,
,Eleven Twelve,5,17,9/18/2026,16,Funk,Bill Walker,,,,,,
,Emily,5,14,9/11/2026,23,Swing,Johnny Mandel,,,,,,
,Estate,3,12,7/31/2026,65,Techno,Bruno Martino,,,,,,
,Eu Quero e Sossego,3,9,5/8/2026,149,Bossa,K-Ximbinho,,,,,,
,Feel like going home,2,10,9/18/2026,16,Pop,Charlie Rich,,,,,,
,Feel Like Making Love,,3,7/3/2026,93,Pop,Eugene McDaniels,,,,,,
,Fly me to the Moon,4,15,5/22/2026,135,Swing,Bart Howard,fix gtr,,,,,
,Footprints,4,13,4/24/2026,163,Swing,Wayne Shorter,,,,,,
1,Forrozinho em Cazadero,3,3,4/10/2026,177,Latin,Vitor Gonçalves,,,,,,
,Fotografia,4,16,9/25/2026,9,Bossa,Antônio Carlos Jobim,,,,,,
,Freedom Jazz Dance,3,12,7/3/2026,93,Funk,Eddie Harris,"cool intromessy but good, excellent poem",,,,,
,Frog,4,12,9/4/2026,30,Funk,João Donato,,,,,,
,Fulani Chant (WFW Isolation Remix),3,3,7/14/2023,1178,Techno,Bill Walker,,,,,,
,"Gee Baby, Ain’t I Good to You",,7,7/17/2026,79,Swing,Andy Razaf,,,,,,
,Gentle Rain,4,14,10/2/2026,2,Bossa,Luiz Bonfa,,,,,,
,Georgia On My Mind,5,9,1/2/2026,275,Ballad,Hoagy Carmichael,,,,,,
,Girl from Ipanema,,7,7/10/2026,86,Bossa,Antônio Carlos Jobim,,,,,,
,Girl Talk,3,8,6/5/2026,121,Swing,Neal Hefti,,,,,,
,Give me the Night,4,10,8/7/2026,58,Funk,Rod Temperton,,,,,,
,Go Tell it on the Mountain,3,5,12/26/2025,282,Christmas,Traditional,,,,,,
,God Bless the Child,4,11,10/24/2025,345,Funk,Billie Holiday,,,,,,
,God Rest Ye Merry Gentlemen,3,4,12/22/2023,1017,Christmas,Traditional,,,,,,
,Goodbye Look,4,10,2/20/2026,226,Pop,Donald Fagen,,,,,,
,Goodbye Pork Pie Hat,4,7,5/22/2026,135,Swing,Charles Mingus,,,,,,
,Have yourself a Merry Little Christmas,4,9,12/12/2025,296,Christmas,Martin and Blane,,,,,,
,Hearts of Space,3,4,2/10/2023,1332,Downtempo,Bill Walker,,,,,,
,Here comes the Flood,3,4,4/19/2024,898,Pop,Peter Gabriel,,,,,,
,Here's that Rainy Day,5,6,10/17/2025,352,Ballad,Jimmy Van Heusen,,,,,,
,"Hi Lili, Hi Lo",5,8,8/21/2026,44,Ballad,Bronislaw Kaper,,,,,,
,Homagenem,,0,12/30/1899,46299,Bossa,,,,,,,
,How Deep is the Ocean,5,14,3/6/2026,212,Ballad,Irving Berlin,,,,,,
,How High the Moon,4,13,7/24/2026,72,Swing,Nancy Hamilton and Morgan Lewis,,,,,,
,How Insensitive,3,13,6/26/2026,100,Bossa,Antônio Carlos Jobim,,,,,,
,I Can't Get Started,3,10,8/28/2026,37,Swing,Vernon Duke,,,,,,
,I Love Paris,4,11,1/30/2026,247,Techno,Cole Porter,,,,,,
,I Mean You,4,10,10/2/2026,2,Pop,Thelonious Monk,,,,,,
,I'll be home for Christmas,3,5,12/20/2024,653,Christmas,Gannon and Kent,,,,,,
,Icarus,4,14,9/11/2026,23,Latin,Ralph Towner,,,,,,
,If I were a bell,4,16,9/25/2026,9,Swing,Frank Loesser,from Guys and Dolls,,,,,
1,If you never come to me,3,3,5/29/2026,128,Latin,Antônio Carlos Jobim,,,,,,
,If you want me to stay,4,12,8/7/2026,58,Funk,Sly and the Family Stone,,,,,,
,Impressions,5,17,7/17/2026,79,Techno,John Coltrane,matches classic real book,,,,,
,Inch worm,4,13,8/14/2026,51,Ballad,Frank Loesser,,,,,,
,Is you is or is you ain't my baby?,2,2,10/31/2025,338,Pop,Louis Jordan,,,,,,
,Isn't It Romantic,4,15,3/13/2026,205,Swing,Rogers and Hart,,,,,,
,It Don’t Mean a Thing (If It Ain't Got That Swing),3,9,7/10/2026,86,Swing,Duke Ellington,,,,,,
  ,It might as well be spring,4,9,3/13/2026,205,Bossa,Rogers and Hammerstein,,,,,,
,It's only a Paper Moon,4,9,7/31/2026,65,Swing,Harold Arlen,,,,,,
,Jean Pierre in Egypt,3,11,7/4/2025,457,Funk,Miles Davis,,,,,,
,Just the Two of Us,2,6,7/10/2026,86,Funk,Bill Withers,,,,,,
,Killer Joe,,4,4/17/2026,170,Swing,Benny Golson,,,,,,
,La Fiesta,3,13,8/7/2026,58,Latin,Chick Corea,,,,,,
,Lawns,4,6,7/24/2026,72,Ballad,Carla Bley,,,,,,
,Limehouse Blues,1,6,8/7/2026,58,Swing,Furber and Braham,1921,,,,,
,Little Sunflower,5,19,10/2/2026,2,Techno,Freddie Hubbard,,,,,,
,Look of Love,4,8,7/24/2026,72,Ballad,Burt Bacharach,,,,,,
,Look to the Sky,4,17,8/28/2026,37,Bossa,Antônio Carlos Jobim,add samba gtr,,,,, 
,Love Boat,,3,4/10/2026,177,Samba,Jack Jones,,,,,,
,Lovely Day,4,8,3/13/2026,205,Pop,Bill Withers,,,,,,
,Lovesong,3,2,4/5/2024,912,Pop,The Cure,,,,,,
,Lucky Southern,3,10,12/5/2025,303,Pop,Keith Jarrett,,,,,,
,Lullaby of Birdland,4,11,5/8/2026,149,Swing,George Shearing,,,,,,
,Mad World,4,8,6/5/2026,121,Pop,Roland Orzabal,,,,,,
,Maiden Voyage,5,17,7/11/2025,450,Techno,Herbie Hancock,,,,,,
,Mambo Inn,4,14,9/11/2026,23,Latin,Mario Bauza,,,,,,
,Manteca,4,12,3/6/2026,212,Latin,Dizzy Gillespie,,,,,,
1,Mas Que Nada,3,10,1/30/2026,247,Latin,Jorge Ben,,,,,,
,Meditation,3,9,6/5/2026,121,Latin,Antônio Carlos Jobim,,,,,,
,Memories of Tomorrow,3,13,1/2/2026,275,Pop,Keith Jarrett,,,,,,
,"Mercy, Mercy, Mercy",5,16,9/25/2026,9,Funk,Joe Zawinul,,,,,,
,Midnight,,11,7/3/2026,93,Techno,Bill Walker,,,,,,
,Minor Swing,3,9,5/29/2026,128,Swing,Django Reinhart,fix end head and 1/2 last solo chorus,,,,,
,Mo Better Blues,5,12,6/26/2026,100,Pop,Branford Marsalis,,,,,,
,Moanin,5,14,3/6/2026,212,Swing,Bobby Timmons,,,,,,
,Moments in Love,3,1,3/24/2023,1290,Techno,Art of Noise,,,,,,
,Monkey Pants,4,12,6/26/2026,100,Funk,Bill Walker,,,,,,
,Montara,4,16,10/3/2025,366,Downtempo,Bobby Hutcherson,,,,,,
,Morning,4,14,10/2/2026,2,Latin,Clare Fischer,,,,,,
,My Favorite Things,3,8,6/12/2026,114,Swing,Rodgers and Hammerstein,,,,,,
,My Funny Valentine,5,16,10/2/2026,2,Swing,Rogers and Hart,,,,,,
,My Little Suede Shoes,4,17,5/29/2026,128,Bossa,Charlie Parker,,,,,,
,My Romance,4,13,9/25/2026,9,Swing,Rodgers and Hart,,,,,,
,Naima,3,17,8/14/2026,51,Downtempo,John Coltrane,,,,,,
,Nana,3,4,8/21/2026,44,Funk,Moacir Santos,,,,,,
,Nardis,5,17,3/20/2026,198,Downtempo,Bill Evans,,,,,,
,Nearness of you,,16,9/4/2026,30,Bossa,Hoagy Carmichael,,,,,,
,New Day LoFi,4,11,8/21/2026,44,Downtempo,Bill Walker,,,,,,
,New Phone Who Dis,3,11,7/17/2026,79,Downtempo,Bill Walker,,,,,,
,Newsky Bluesky,3,12,10/2/2026,2,Downtempo,Bill Walker,,,,,,
,Night and Day,4,14,6/12/2026,114,Techno,Cole Porter,,,,,,
,Night in Tunisia,,15,6/26/2026,100,Downtempo,Dizzy Gillespie,,,,,,
,Nightingale Sang in Berkeley Square,4,8,2/27/2026,219,Ballad,Maschwitz and Sherwin,,,,,,
,O Barquinho,,13,8/7/2026,58,Bossa,Roberto Menescal,,,,,,
,O Cantador (Like a Lover),5,14,7/31/2026,65,Bossa,Dori Caymmi,,,,,,
,O Christmas Tree,5,9,12/5/2025,303,Christmas,Traditional,,,,,,
,O Come O Come Emmanuel,5,5,12/19/2025,289,Christmas,Traditional,,,,,,
,On Broadway,,1,9/18/2020,2207,Pop,Leiber and Stoller,,,,,,
,Once I Loved,3,6,6/12/2026,114,Bossa,Antônio Carlos Jobim,,,,,,
,Our Spanish Love Song,3,3,12/26/2025,282,Latin,Charlie Haden,,,,,,
,Over the Rainbow,4,10,8/7/2026,58,Ballad,Harold Arlen,,,,,,
,Peace Piece,4,8,5/22/2026,135,Ballad,Bill Evans,,,,,,
,Pentafunkular 5opolis,2,7,8/21/2026,44,Funk,Bill Walker,REDO slower?HOF,,,,,
,People Get Ready,2,4,7/3/2026,93,Pop,Curtis Mayfield,,,,,,
,Pick up the Pieces,,14,9/18/2026,16,Funk,Average White Band,,,,,,
,Pocket Calculator,4,13,5/22/2026,135,Techno,Kraftwerk,,,,,,
,Poinciana,4,17,2/20/2026,226,Techno,Nat Simon,,,,,,
,Quin's Closer,5,5,1/19/2024,989,Ambient,Bill Walker,,,,,,
,Rise,4,12,10/2/2026,2,Funk,Herb Alpert,,,,,,
,River Man,5,8,7/24/2026,72,Pop,Nick Drake,,,,,,
,Road Song,5,13,4/10/2026,177,Pop,Wes Montgomery,,,,,,
,Root Down (And Get It),4,10,4/24/2026,163,Funk,Jimmy Smith,,,,,,
,Saga of Harrison Crabfeathers,5,11,4/24/2026,163,Swing,Steve Kuhn,,,,,,
,Samba de Orfeu,4,19,9/25/2026,9,Samba,Luiz Bonfa,add solo break,,,,,
,Samba e Amor,3,16,9/25/2026,9,Samba,Chico Buarque,,,,,,
 ,Scottish Lament,3,6,10/31/2025,338,Downtempo,Bill Walker,,,,,,
,Scrapple from the Apple,3,4,5/15/2026,142,Swing,Charlie Parker,,,,,,
,September,2,4,8/21/2026,44,Funk,Maurice White,,,,,,
,Septimus Prime,3,13,4/17/2026,170,Funk,Bill Walker,,,,,,
,Sermonette,3,4,7/10/2026,86,Swing,Nat Adderley,,,,,,
,Sertao Alagoano,3,1,2/6/2026,240,Bossa,Hermto Pascual,,,,,,
,Seven Steps to Heaven,4,8,11/7/2025,331,Pop,Victor Feldman,,,,,,
,Simplismente,2,7,9/20/2024,744,Techno,Bebel Gilberto,buildup loop is LAME; try singing; fills before transitions,,,,,
,Sing Sing Sing,3,8,2/14/2025,597,Pop,Louis Prima,,,,,,
,Sister Sadie,4,8,5/1/2026,156,Swing,Horace Silver,,,,,,
,So Danco Samba,,12,7/3/2026,93,Samba,João Gilberto,,,,,,
,So Nice,4,13,5/22/2026,135,Bossa,Marcos Valle,,,,,,
,So What,5,15,8/28/2026,37,Swing,Miles Davis,,,,,,
,Softly as in a morning Sunrise,5,15,7/24/2026,72,Techno,Hammerstein,,,,,,
,Solsbury Hill,,5,7/24/2026,72,Pop,Peter Gabriel,,,,,,
,Some Day My Prince will Come,,10,7/31/2026,65,Swing,Morey and Churchill,,,,,,
,Some other funk,3,13,7/24/2026,72,Funk,Bill Walker,,,,,,
,Some other time,,3,7/17/2026,79,Ballad,Leonard Bernstein,,,,,,
,Song for my Father,4,10,1/9/2026,268,Latin,Horace Silver,fix head parts (line up),,,,,
,Soul Sauce,3,8,3/13/2026,205,Latin,Cal Tjader,,,,,,
,St. Thomas,3,12,2/27/2026,219,Latin,Sonny Rollins,,,,,,
,Stars Fell on Alabama,,13,9/4/2026,30,Swing,Perkins and Parish,,,,,,
,Stella by Starlight,,13,9/11/2026,23,Swing,Victor Young,,,,,,
,Stolen Moments,5,17,9/18/2026,16,Swing,Oliver Nelson,,,,,,
,Sugar,4,13,7/17/2026,79,Swing,Stanley Turrentine,,,,,,
,Summertime,4,12,2/13/2026,233,Funk,George Gershwin,,,,,,
,Sunny,4,15,4/24/2026,163,Funk,Bobby Hebb,replace flute w/ horn?,,,,,
,Swim Shebang,5,16,8/28/2026,37,Funk,Bill Walker,,,,,,
,Take Five (King Tubby),3,10,1/9/2026,268,Downtempo,Dave Brubeck and King Tubby,,,,,,
,Take Me to the River,3,4,5/15/2026,142,Pop,Al Green,,,,,,
,Ternura,4,7,8/28/2026,37,Latin,K-Ximbinho,,,,,,
,The Chicken,4,14,1/23/2026,254,Funk,Pee Wee Ellis,add horns,,,,,
,The Egg and You,5,14,11/21/2025,317,Pop,Seatbelts,,,,,,
,The Holly and the Ivy,4,7,12/12/2025,296,Christmas,Traditional,,,,,,
,The touch of your lips,4,11,6/5/2026,121,Swing,Ray Noble,,,,,,
,Them Funky Changes,4,12,7/31/2026,65,Funk,Sonny Stitt,,,,,,
,There will never be another you,5,17,9/18/2026,16,Swing,Harry Warren,,,,,,
,These Foolish Things Remind me of You,4,11,6/26/2026,100,Ballad,Eric Maschwitz,,,,,,
,They Can't Take That Away from Me,4,9,6/12/2026,114,Swing,George and Ira Gerswhin,,,,,,
,This can't be Love,4,13,4/17/2026,170,Swing,Rodgers and Hart,,,,,,
,This Masquerade,4,12,6/12/2026,114,Funk,Leon Russell,,,,,,
,Time After Time,5,7,7/31/2026,65,Pop,Cyndi Lauper,,,,,,
,Time Remembered,5,13,9/4/2026,30,Swing,Bill Evans,,,,,,
,Trans Europe Express,4,10,5/1/2026,156,Techno,Kraftwerk,automate more parts,,,,,
,Triste,3,11,5/15/2026,142,Bossa,Antônio Carlos Jobim,,,,,,
,TSOP,4,5,10/10/2025,359,Funk,MFSB,,,,,,
,Umbrella,,6,8/29/2025,401,Pop,Rihanna,,,,,,
,Up Jumped Spring,3,6,5/15/2026,142,Swing,Freddie Hubbard,,,,,,
,Very Early,4,14,7/31/2026,65,Swing,Bill Evans,,,,,,
,Viva La Money,3,4,6/5/2026,121,Funk,Allen Toussaint,,,,,,
,Watermelon Man,4,13,3/27/2026,191,Latin,Herbie Hancock,,,,,,
,Waters of March,2,9,6/5/2026,121,Bossa,Jobim,,,,,,
,Well You Needn’t,3,12,3/6/2026,212,Reggae,Thelonious Monk,,,,,,
,What is this Thing called Love,,14,5/29/2026,128,Swing,Cole Porter,,,,,,
,What'll I do?,4,3,9/5/2025,394,Ballad,Irving Berlin,,,,,,
,When I Fall in Love,,8,3/20/2026,198,Ballad,Victor Young,,,,,,
,White Christmas,4,7,12/6/2024,667,Christmas,Irving Berlin,,,,,,
,With or Without You,,5,4/5/2024,912,Pop,U2,,,,,,
,Won't you be my Neighbor?,4,4,11/28/2025,310,Swing,Fred Rodgers,,,,,,
,You and the Night and the Music,3,8,8/21/2026,44,Ballad,Arthur Schwartz and Howard Dietz,,,,,,
,Zero-Nineteen,3,13,3/20/2026,198,Techno,Bill Walker,,,,,,